{
    "Measurement type": {
        "vanilla": "0b20daed-e453-4dc4-a53c-a788bfc0c9a4.vanilla", 
        "ngram": true, 
        "added": "0b20daed-e453-4dc4-a53c-a788bfc0c9a4.added", 
        "pruningThresholds": [], 
        "order": 3
    }, 
    "snips/number": {
        "vanilla": "07b65b72-76f5-400d-b2a6-20981f262060.vanilla", 
        "ngram": false, 
        "added": "07b65b72-76f5-400d-b2a6-20981f262060.added", 
        "pruningThresholds": [], 
        "order": 0
    }, 
    "snips/default--reference": {
        "vanilla": "5daacabc-76b6-4888-9d7e-6af86eb46fc0.vanilla", 
        "ngram": true, 
        "added": "5daacabc-76b6-4888-9d7e-6af86eb46fc0.added", 
        "pruningThresholds": [], 
        "order": 3
    }, 
    "Measurement source": {
        "vanilla": "7ad403a3-aa75-4a61-ab69-be3f9e5962d7.vanilla", 
        "ngram": true, 
        "added": "7ad403a3-aa75-4a61-ab69-be3f9e5962d7.added", 
        "pruningThresholds": [], 
        "order": 3
    }, 
    "Vertical units": {
        "vanilla": "6a21d810-b3ef-4255-bfd0-54658aa9a5b8.vanilla", 
        "ngram": true, 
        "added": "6a21d810-b3ef-4255-bfd0-54658aa9a5b8.added", 
        "pruningThresholds": [], 
        "order": 3
    }, 
    "Time units": {
        "vanilla": "7561c4c3-e816-4cf8-8a16-90cbd22aff0a.vanilla", 
        "ngram": true, 
        "added": "7561c4c3-e816-4cf8-8a16-90cbd22aff0a.added", 
        "pruningThresholds": [], 
        "order": 3
    }, 
    "Trigger slope": {
        "vanilla": "344f1309-03e3-47e7-8223-3b0faa7748ae.vanilla", 
        "ngram": true, 
        "added": "344f1309-03e3-47e7-8223-3b0faa7748ae.added", 
        "pruningThresholds": [], 
        "order": 3
    }, 
    "Trigger source": {
        "vanilla": "9fb24854-370b-45c1-94c7-41a63684ae7b.vanilla", 
        "ngram": true, 
        "added": "9fb24854-370b-45c1-94c7-41a63684ae7b.added", 
        "pruningThresholds": [], 
        "order": 3
    }
}