{
  "config": {
    "max_pattern_length": 1000, 
    "max_queries": 100, 
    "unit_name": "deterministic_intent_parser"
  }, 
  "group_names_to_slot_names": {
    "group_0": "source", 
    "group_1": "source", 
    "group_10": "source", 
    "group_100": "type", 
    "group_101": "source", 
    "group_102": "type", 
    "group_103": "source", 
    "group_104": "type", 
    "group_105": "source", 
    "group_106": "type", 
    "group_107": "source", 
    "group_108": "type", 
    "group_109": "source", 
    "group_11": "source", 
    "group_110": "type", 
    "group_111": "source", 
    "group_112": "type", 
    "group_113": "source", 
    "group_114": "type", 
    "group_115": "source", 
    "group_116": "type", 
    "group_117": "source", 
    "group_118": "type", 
    "group_119": "source", 
    "group_12": "source", 
    "group_120": "type", 
    "group_121": "source", 
    "group_122": "type", 
    "group_123": "source", 
    "group_124": "source", 
    "group_125": "source", 
    "group_126": "source", 
    "group_127": "source", 
    "group_128": "source", 
    "group_129": "source", 
    "group_13": "source", 
    "group_130": "source", 
    "group_131": "source", 
    "group_132": "source", 
    "group_133": "source", 
    "group_134": "source", 
    "group_135": "source", 
    "group_136": "source", 
    "group_137": "source", 
    "group_138": "source", 
    "group_139": "source", 
    "group_14": "source", 
    "group_140": "source", 
    "group_141": "scale", 
    "group_142": "units", 
    "group_143": "scale", 
    "group_144": "units", 
    "group_145": "scale", 
    "group_146": "units", 
    "group_147": "scale", 
    "group_148": "units", 
    "group_149": "scale", 
    "group_15": "source", 
    "group_150": "units", 
    "group_151": "scale", 
    "group_152": "units", 
    "group_153": "scale", 
    "group_154": "units", 
    "group_155": "scale", 
    "group_156": "units", 
    "group_157": "scale", 
    "group_158": "units", 
    "group_159": "scale", 
    "group_16": "source", 
    "group_160": "units", 
    "group_161": "scale", 
    "group_162": "units", 
    "group_163": "scale", 
    "group_164": "units", 
    "group_165": "scale", 
    "group_166": "units", 
    "group_167": "scale", 
    "group_168": "units", 
    "group_169": "scale", 
    "group_17": "source", 
    "group_170": "units", 
    "group_171": "scale", 
    "group_172": "units", 
    "group_173": "channel", 
    "group_174": "scale", 
    "group_175": "units", 
    "group_176": "channel", 
    "group_177": "scale", 
    "group_178": "units", 
    "group_179": "channel", 
    "group_18": "source", 
    "group_180": "scale", 
    "group_181": "units", 
    "group_182": "channel", 
    "group_183": "scale", 
    "group_184": "units", 
    "group_185": "channel", 
    "group_186": "scale", 
    "group_187": "units", 
    "group_188": "channel", 
    "group_189": "scale", 
    "group_19": "source", 
    "group_190": "units", 
    "group_191": "channel", 
    "group_192": "scale", 
    "group_193": "units", 
    "group_194": "channel", 
    "group_195": "scale", 
    "group_196": "units", 
    "group_197": "scale", 
    "group_198": "units", 
    "group_199": "channel", 
    "group_2": "source", 
    "group_20": "source", 
    "group_200": "scale", 
    "group_201": "units", 
    "group_202": "channel", 
    "group_203": "scale", 
    "group_204": "units", 
    "group_205": "channel", 
    "group_206": "channel", 
    "group_207": "scale", 
    "group_208": "units", 
    "group_209": "channel", 
    "group_21": "source", 
    "group_210": "scale", 
    "group_211": "units", 
    "group_212": "channel", 
    "group_213": "scale", 
    "group_214": "units", 
    "group_215": "channel", 
    "group_216": "scale", 
    "group_217": "units", 
    "group_218": "scale", 
    "group_219": "units", 
    "group_22": "source", 
    "group_220": "channel", 
    "group_221": "channel", 
    "group_222": "scale", 
    "group_223": "units", 
    "group_224": "scale", 
    "group_225": "units", 
    "group_226": "channel", 
    "group_227": "channel", 
    "group_228": "scale", 
    "group_229": "units", 
    "group_23": "source", 
    "group_230": "channel", 
    "group_231": "scale", 
    "group_232": "units", 
    "group_233": "channel", 
    "group_234": "scale", 
    "group_235": "units", 
    "group_236": "channel", 
    "group_237": "scale", 
    "group_238": "units", 
    "group_239": "channel", 
    "group_24": "source", 
    "group_240": "scale", 
    "group_241": "units", 
    "group_242": "slope", 
    "group_243": "slope", 
    "group_244": "slope", 
    "group_245": "slope", 
    "group_246": "slope", 
    "group_247": "slope", 
    "group_248": "slope", 
    "group_249": "slope", 
    "group_25": "source", 
    "group_250": "slope", 
    "group_251": "slope", 
    "group_252": "slope", 
    "group_253": "slope", 
    "group_254": "slope", 
    "group_255": "reference", 
    "group_256": "reference", 
    "group_257": "reference", 
    "group_258": "reference", 
    "group_259": "reference", 
    "group_26": "source", 
    "group_260": "reference", 
    "group_261": "reference", 
    "group_262": "reference", 
    "group_263": "reference", 
    "group_264": "reference", 
    "group_265": "reference", 
    "group_266": "reference", 
    "group_267": "reference", 
    "group_268": "reference", 
    "group_269": "reference", 
    "group_27": "source", 
    "group_270": "reference", 
    "group_271": "reference", 
    "group_272": "reference", 
    "group_273": "reference", 
    "group_28": "source", 
    "group_29": "source", 
    "group_3": "source", 
    "group_30": "source", 
    "group_31": "source", 
    "group_32": "source", 
    "group_33": "source", 
    "group_34": "source", 
    "group_35": "source", 
    "group_36": "source", 
    "group_37": "source", 
    "group_38": "source", 
    "group_39": "source", 
    "group_4": "source", 
    "group_40": "source", 
    "group_41": "source", 
    "group_42": "source", 
    "group_43": "source", 
    "group_44": "source", 
    "group_45": "source", 
    "group_46": "source", 
    "group_47": "source", 
    "group_48": "source", 
    "group_49": "source", 
    "group_5": "source", 
    "group_50": "source", 
    "group_51": "source", 
    "group_52": "source", 
    "group_53": "source", 
    "group_54": "source", 
    "group_55": "source", 
    "group_56": "source", 
    "group_57": "source", 
    "group_58": "source", 
    "group_59": "source", 
    "group_6": "source", 
    "group_60": "source", 
    "group_61": "source", 
    "group_62": "source", 
    "group_63": "source", 
    "group_64": "type", 
    "group_65": "source", 
    "group_66": "type", 
    "group_67": "source", 
    "group_68": "type", 
    "group_69": "source", 
    "group_7": "source", 
    "group_70": "type", 
    "group_71": "source", 
    "group_72": "type", 
    "group_73": "source", 
    "group_74": "type", 
    "group_75": "source", 
    "group_76": "type", 
    "group_77": "source", 
    "group_78": "type", 
    "group_79": "source", 
    "group_8": "source", 
    "group_80": "type", 
    "group_81": "source", 
    "group_82": "type", 
    "group_83": "source", 
    "group_84": "type", 
    "group_85": "source", 
    "group_86": "source", 
    "group_87": "type", 
    "group_88": "type", 
    "group_89": "source", 
    "group_9": "source", 
    "group_90": "type", 
    "group_91": "source", 
    "group_92": "type", 
    "group_93": "source", 
    "group_94": "type", 
    "group_95": "source", 
    "group_96": "type", 
    "group_97": "source", 
    "group_98": "type", 
    "group_99": "source"
  }, 
  "language_code": "en", 
  "patterns": {
    "jmwilson:clearAllMeasurements": [
      "^\\s*hide\\s*all\\s*measurements\\s*$", 
      "^\\s*hide\\s*all\\s*the\\s*measurements\\s*from\\s*display\\s*$", 
      "^\\s*cease\\s*display\\s*of\\s*measurements\\s*$", 
      "^\\s*take\\s*away\\s*all\\s*the\\s*measurements\\s*$", 
      "^\\s*cease\\s*all\\s*measurements\\s*$", 
      "^\\s*don\\s*t\\s*show\\s*any\\s*measurements\\s*$", 
      "^\\s*clear\\s*all\\s*measurements\\s*$", 
      "^\\s*delete\\s*measurements\\s*$", 
      "^\\s*take\\s*away\\s*measurements\\s*$", 
      "^\\s*dismiss\\s*all\\s*measurements\\s*$", 
      "^\\s*don\\s*t\\s*need\\s*measurements\\s*anymore\\s*$", 
      "^\\s*dismiss\\s*measurements\\s*$", 
      "^\\s*i\\s*don\\s*t\\s*want\\s*to\\s*see\\s*any\\s*measurements\\s*$", 
      "^\\s*i\\s*don\\s*t\\s*need\\s*any\\s*measurements\\s*$", 
      "^\\s*stop\\s*showing\\s*all\\s*measurements\\s*$", 
      "^\\s*hide\\s*measurements\\s*$", 
      "^\\s*take\\s*away\\s*all\\s*measurements\\s*$", 
      "^\\s*hide\\s*the\\s*measurements\\s*$", 
      "^\\s*hide\\s*display\\s*of\\s*all\\s*measurements\\s*$", 
      "^\\s*get\\s*rid\\s*of\\s*all\\s*the\\s*measurements\\s*$", 
      "^\\s*clear\\s*measurements\\s*$", 
      "^\\s*no\\s*more\\s*measurements\\s*on\\s*screen\\s*$", 
      "^\\s*dismiss\\s*the\\s*measurements\\s*$", 
      "^\\s*delete\\s*the\\s*measurements\\s*$", 
      "^\\s*stop\\s*showing\\s*measurements\\s*$", 
      "^\\s*get\\s*all\\s*the\\s*measurements\\s*off\\s*the\\s*screen\\s*$", 
      "^\\s*get\\s*rid\\s*of\\s*the\\s*measurements\\s*$", 
      "^\\s*i\\s*don\\s*t\\s*need\\s*to\\s*see\\s*measurements\\s*anymore\\s*$", 
      "^\\s*clear\\s*the\\s*screen\\s*of\\s*measurements\\s*$", 
      "^\\s*don\\s*t\\s*show\\s*measurements\\s*$", 
      "^\\s*delete\\s*all\\s*measurements\\s*$"
    ], 
    "jmwilson:hideChannel": [
      "^\\s*don\\s*t\\s*show\\s*(?P<group_2>%MEASUREMENTSOURCE%)\\s*$", 
      "^\\s*can\\s*you\\s*stop\\s*showing\\s*me\\s*(?P<group_12>%MEASUREMENTSOURCE%)\\s*$", 
      "^\\s*turn\\s*off\\s*(?P<group_35>%MEASUREMENTSOURCE%)\\s*$", 
      "^\\s*can\\s*you\\s*remove\\s*(?P<group_17>%MEASUREMENTSOURCE%)\\s*$", 
      "^\\s*can\\s*you\\s*stop\\s*showing\\s*(?P<group_11>%MEASUREMENTSOURCE%)\\s*$", 
      "^\\s*can\\s*you\\s*dismiss\\s*(?P<group_14>%MEASUREMENTSOURCE%)\\s*$", 
      "^\\s*disable\\s*(?P<group_36>%MEASUREMENTSOURCE%)\\s*$", 
      "^\\s*clear\\s*(?P<group_21>%MEASUREMENTSOURCE%)\\s*$", 
      "^\\s*dismiss\\s*(?P<group_20>%MEASUREMENTSOURCE%)\\s*$", 
      "^\\s*(?P<group_34>%MEASUREMENTSOURCE%)\\s*off\\s*$", 
      "^\\s*could\\s*you\\s*clear\\s*(?P<group_10>%MEASUREMENTSOURCE%)\\s*$", 
      "^\\s*could\\s*you\\s*stop\\s*showing\\s*me\\s*(?P<group_4>%MEASUREMENTSOURCE%)\\s*$", 
      "^\\s*(?P<group_33>%MEASUREMENTSOURCE%)\\s*hide\\s*$", 
      "^\\s*could\\s*you\\s*dismiss\\s*(?P<group_6>%MEASUREMENTSOURCE%)\\s*$", 
      "^\\s*could\\s*you\\s*take\\s*away\\s*(?P<group_8>%MEASUREMENTSOURCE%)\\s*$", 
      "^\\s*could\\s*you\\s*get\\s*rid\\s*of\\s*(?P<group_7>%MEASUREMENTSOURCE%)\\s*$", 
      "^\\s*get\\s*(?P<group_28>%MEASUREMENTSOURCE%)\\s*off\\s*the\\s*screen\\s*$", 
      "^\\s*don\\s*t\\s*show\\s*me\\s*(?P<group_1>%MEASUREMENTSOURCE%)\\s*$", 
      "^\\s*make\\s*(?P<group_27>%MEASUREMENTSOURCE%)\\s*hidden\\s*$", 
      "^\\s*could\\s*you\\s*remove\\s*(?P<group_9>%MEASUREMENTSOURCE%)\\s*$", 
      "^\\s*make\\s*(?P<group_23>%MEASUREMENTSOURCE%)\\s*disappear\\s*$", 
      "^\\s*hide\\s*(?P<group_37>%MEASUREMENTSOURCE%)\\s*$", 
      "^\\s*can\\s*you\\s*hide\\s*(?P<group_13>%MEASUREMENTSOURCE%)\\s*$", 
      "^\\s*take\\s*away\\s*(?P<group_30>%MEASUREMENTSOURCE%)\\s*$", 
      "^\\s*i\\s*don\\s*t\\s*need\\s*to\\s*see\\s*(?P<group_26>%MEASUREMENTSOURCE%)\\s*$", 
      "^\\s*get\\s*rid\\s*of\\s*(?P<group_29>%MEASUREMENTSOURCE%)\\s*$", 
      "^\\s*(?P<group_32>%MEASUREMENTSOURCE%)\\s*disable\\s*$", 
      "^\\s*i\\s*don\\s*t\\s*need\\s*(?P<group_19>%MEASUREMENTSOURCE%)\\s*$", 
      "^\\s*hide\\s*(?P<group_22>%MEASUREMENTSOURCE%)\\s*from\\s*display\\s*$", 
      "^\\s*can\\s*you\\s*clear\\s*(?P<group_18>%MEASUREMENTSOURCE%)\\s*$", 
      "^\\s*i\\s*don\\s*t\\s*want\\s*to\\s*see\\s*(?P<group_25>%MEASUREMENTSOURCE%)\\s*$", 
      "^\\s*i\\s*don\\s*t\\s*need\\s*(?P<group_24>%MEASUREMENTSOURCE%)\\s*on\\s*the\\s*screen\\s*$", 
      "^\\s*could\\s*you\\s*hide\\s*(?P<group_5>%MEASUREMENTSOURCE%)\\s*$", 
      "^\\s*can\\s*you\\s*take\\s*away\\s*(?P<group_16>%MEASUREMENTSOURCE%)\\s*$", 
      "^\\s*remove\\s*channel\\s*(?P<group_31>%MEASUREMENTSOURCE%)\\s*$", 
      "^\\s*(?P<group_0>%MEASUREMENTSOURCE%)\\s*isn\\s*t\\s*needed\\s*$", 
      "^\\s*can\\s*you\\s*get\\s*rid\\s*of\\s*(?P<group_15>%MEASUREMENTSOURCE%)\\s*$", 
      "^\\s*could\\s*you\\s*stop\\s*showing\\s*(?P<group_3>%MEASUREMENTSOURCE%)\\s*$"
    ], 
    "jmwilson:measure": [
      "^\\s*make\\s*visible\\s*(?P<group_80>%MEASUREMENTTYPE%)\\s*measurement\\s*on\\s*(?P<group_81>%MEASUREMENTSOURCE%)\\s*$", 
      "^\\s*add\\s*a\\s*(?P<group_120>%MEASUREMENTTYPE%)\\s*measurement\\s*on\\s*(?P<group_121>%MEASUREMENTSOURCE%)\\s*$", 
      "^\\s*show\\s*(?P<group_74>%MEASUREMENTTYPE%)\\s*(?P<group_75>%MEASUREMENTSOURCE%)\\s*$", 
      "^\\s*can\\s*i\\s*see\\s*the\\s*(?P<group_98>%MEASUREMENTTYPE%)\\s*for\\s*(?P<group_99>%MEASUREMENTSOURCE%)\\s*$", 
      "^\\s*add\\s*measurement\\s*of\\s*(?P<group_110>%MEASUREMENTTYPE%)\\s*for\\s*(?P<group_111>%MEASUREMENTSOURCE%)\\s*$", 
      "^\\s*add\\s*(?P<group_100>%MEASUREMENTTYPE%)\\s*measurement\\s*on\\s*(?P<group_101>%MEASUREMENTSOURCE%)\\s*$", 
      "^\\s*start\\s*measuring\\s*the\\s*(?P<group_64>%MEASUREMENTTYPE%)\\s*for\\s*(?P<group_65>%MEASUREMENTSOURCE%)\\s*$", 
      "^\\s*what\\s*s\\s*the\\s*(?P<group_70>%MEASUREMENTTYPE%)\\s*on\\s*(?P<group_71>%MEASUREMENTSOURCE%)\\s*$", 
      "^\\s*show\\s*(?P<group_114>%MEASUREMENTTYPE%)\\s*measurement\\s*for\\s*(?P<group_115>%MEASUREMENTSOURCE%)\\s*$", 
      "^\\s*show\\s*(?P<group_72>%MEASUREMENTTYPE%)\\s*for\\s*(?P<group_73>%MEASUREMENTSOURCE%)\\s*$", 
      "^\\s*show\\s*the\\s*(?P<group_104>%MEASUREMENTTYPE%)\\s*of\\s*(?P<group_105>%MEASUREMENTSOURCE%)\\s*$", 
      "^\\s*start\\s*showing\\s*(?P<group_68>%MEASUREMENTTYPE%)\\s*for\\s*(?P<group_69>%MEASUREMENTSOURCE%)\\s*$", 
      "^\\s*show\\s*me\\s*the\\s*(?P<group_118>%MEASUREMENTTYPE%)\\s*for\\s*(?P<group_119>%MEASUREMENTSOURCE%)\\s*$", 
      "^\\s*measure\\s*(?P<group_122>%MEASUREMENTTYPE%)\\s*on\\s*(?P<group_123>%MEASUREMENTSOURCE%)\\s*$", 
      "^\\s*do\\s*(?P<group_76>%MEASUREMENTTYPE%)\\s*measurement\\s*on\\s*(?P<group_77>%MEASUREMENTSOURCE%)\\s*$", 
      "^\\s*can\\s*you\\s*show\\s*me\\s*the\\s*(?P<group_96>%MEASUREMENTTYPE%)\\s*on\\s*(?P<group_97>%MEASUREMENTSOURCE%)\\s*$", 
      "^\\s*i\\s*want\\s*to\\s*see\\s*the\\s*(?P<group_94>%MEASUREMENTTYPE%)\\s*of\\s*(?P<group_95>%MEASUREMENTSOURCE%)\\s*$", 
      "^\\s*measure\\s*(?P<group_116>%MEASUREMENTTYPE%)\\s*for\\s*(?P<group_117>%MEASUREMENTSOURCE%)\\s*$", 
      "^\\s*show\\s*(?P<group_84>%MEASUREMENTTYPE%)\\s*of\\s*(?P<group_85>%MEASUREMENTSOURCE%)\\s*$", 
      "^\\s*what\\s*is\\s*the\\s*(?P<group_88>%MEASUREMENTTYPE%)\\s*of\\s*(?P<group_89>%MEASUREMENTSOURCE%)\\s*$", 
      "^\\s*put\\s*up\\s*the\\s*(?P<group_78>%MEASUREMENTTYPE%)\\s*of\\s*(?P<group_79>%MEASUREMENTSOURCE%)\\s*$", 
      "^\\s*measure\\s*(?P<group_92>%MEASUREMENTTYPE%)\\s*of\\s*(?P<group_93>%MEASUREMENTSOURCE%)\\s*$", 
      "^\\s*start\\s*measuring\\s*(?P<group_66>%MEASUREMENTTYPE%)\\s*on\\s*(?P<group_67>%MEASUREMENTSOURCE%)\\s*$", 
      "^\\s*display\\s*the\\s*(?P<group_82>%MEASUREMENTTYPE%)\\s*of\\s*(?P<group_83>%MEASUREMENTSOURCE%)\\s*$", 
      "^\\s*start\\s*showing\\s*the\\s*(?P<group_102>%MEASUREMENTTYPE%)\\s*for\\s*(?P<group_103>%MEASUREMENTSOURCE%)\\s*$", 
      "^\\s*measure\\s*the\\s*(?P<group_108>%MEASUREMENTTYPE%)\\s*of\\s*(?P<group_109>%MEASUREMENTSOURCE%)\\s*$", 
      "^\\s*add\\s*measurement\\s*of\\s*(?P<group_86>%MEASUREMENTSOURCE%)\\s*(?P<group_87>%MEASUREMENTTYPE%)\\s*$", 
      "^\\s*what\\s*s\\s*the\\s*(?P<group_112>%MEASUREMENTTYPE%)\\s*of\\s*(?P<group_113>%MEASUREMENTSOURCE%)\\s*$", 
      "^\\s*show\\s*the\\s*measurement\\s*of\\s*(?P<group_90>%MEASUREMENTTYPE%)\\s*for\\s*(?P<group_91>%MEASUREMENTSOURCE%)\\s*$", 
      "^\\s*add\\s*measurement\\s*of\\s*(?P<group_106>%MEASUREMENTTYPE%)\\s*of\\s*(?P<group_107>%MEASUREMENTSOURCE%)\\s*$"
    ], 
    "jmwilson:runCapture": [
      "^\\s*start\\s*running\\s*$", 
      "^\\s*let\\s*s\\s*run\\s*things\\s*$", 
      "^\\s*capture\\s*on\\s*$", 
      "^\\s*start\\s*acquisition\\s*$", 
      "^\\s*resume\\s*capture\\s*$", 
      "^\\s*resume\\s*$", 
      "^\\s*you\\s*can\\s*go\\s*$", 
      "^\\s*start\\s*capturing\\s*again\\s*$", 
      "^\\s*start\\s*running\\s*again\\s*$", 
      "^\\s*press\\s*run\\s*$", 
      "^\\s*hit\\s*the\\s*go\\s*button\\s*$", 
      "^\\s*start\\s*$", 
      "^\\s*run\\s*$", 
      "^\\s*start\\s*acquiring\\s*$", 
      "^\\s*start\\s*the\\s*display\\s*$", 
      "^\\s*let\\s*s\\s*start\\s*the\\s*display\\s*$", 
      "^\\s*press\\s*go\\s*$", 
      "^\\s*start\\s*capturing\\s*$", 
      "^\\s*hit\\s*the\\s*run\\s*button\\s*$", 
      "^\\s*resume\\s*capturing\\s*$", 
      "^\\s*go\\s*now\\s*$", 
      "^\\s*start\\s*things\\s*up\\s*$", 
      "^\\s*go\\s*$", 
      "^\\s*run\\s*it\\s*$", 
      "^\\s*start\\s*the\\s*oscilloscope\\s*$", 
      "^\\s*run\\s*the\\s*scope\\s*$", 
      "^\\s*start\\s*capture\\s*$", 
      "^\\s*start\\s*it\\s*up\\s*$", 
      "^\\s*restart\\s*$"
    ], 
    "jmwilson:saveImage": [
      "^\\s*screen\\s*shot\\s*$", 
      "^\\s*save\\s*screen\\s*$", 
      "^\\s*do\\s*a\\s*screen\\s*capture\\s*$", 
      "^\\s*capture\\s*image\\s*$", 
      "^\\s*make\\s*a\\s*screen\\s*shot\\s*$", 
      "^\\s*save\\s*a\\s*screen\\s*shot\\s*here\\s*$", 
      "^\\s*make\\s*a\\s*screen\\s*capture\\s*$", 
      "^\\s*save\\s*the\\s*display\\s*$", 
      "^\\s*capture\\s*screen\\s*$", 
      "^\\s*do\\s*a\\s*screen\\s*shot\\s*$", 
      "^\\s*save\\s*screen\\s*to\\s*storage\\s*$", 
      "^\\s*save\\s*image\\s*$", 
      "^\\s*screen\\s*shot\\s*here\\s*$", 
      "^\\s*save\\s*display\\s*$", 
      "^\\s*take\\s*a\\s*screen\\s*shot\\s*here\\s*$", 
      "^\\s*save\\s*image\\s*here\\s*$", 
      "^\\s*capture\\s*the\\s*display\\s*$", 
      "^\\s*save\\s*a\\s*screen\\s*shot\\s*$", 
      "^\\s*save\\s*the\\s*screen\\s*image\\s*$", 
      "^\\s*capture\\s*display\\s*$", 
      "^\\s*save\\s*screen\\s*shot\\s*$", 
      "^\\s*take\\s*a\\s*screen\\s*shot\\s*$", 
      "^\\s*save\\s*screen\\s*to\\s*disk\\s*$", 
      "^\\s*capture\\s*the\\s*screen\\s*$", 
      "^\\s*capture\\s*image\\s*to\\s*disk\\s*$"
    ], 
    "jmwilson:setChannelVerticalScale": [
      "^\\s*(?P<group_218>%SNIPSNUMBER%)\\s*(?P<group_219>%VERTICALUNITS%)\\s*per\\s*div\\s*on\\s*channel\\s*(?P<group_220>%SNIPSNUMBER%)\\s*$", 
      "^\\s*on\\s*channel\\s*(?P<group_212>%SNIPSNUMBER%)\\s*set\\s*the\\s*vertical\\s*scale\\s*to\\s*(?P<group_213>%SNIPSNUMBER%)\\s*(?P<group_214>%VERTICALUNITS%)\\s*per\\s*div\\s*$", 
      "^\\s*make\\s*the\\s*channel\\s*(?P<group_191>%SNIPSNUMBER%)\\s*vertical\\s*scale\\s*(?P<group_192>%SNIPSNUMBER%)\\s*(?P<group_193>%VERTICALUNITS%)\\s*per\\s*div\\s*$", 
      "^\\s*vertical\\s*scale\\s*channel\\s*(?P<group_185>%SNIPSNUMBER%)\\s*(?P<group_186>%SNIPSNUMBER%)\\s*(?P<group_187>%VERTICALUNITS%)\\s*$", 
      "^\\s*change\\s*the\\s*vertical\\s*scale\\s*to\\s*be\\s*(?P<group_200>%SNIPSNUMBER%)\\s*(?P<group_201>%VERTICALUNITS%)\\s*for\\s*channel\\s*(?P<group_202>%SNIPSNUMBER%)\\s*$", 
      "^\\s*make\\s*channel\\s*(?P<group_179>%SNIPSNUMBER%)\\s*s\\s*vertical\\s*scale\\s*(?P<group_180>%SNIPSNUMBER%)\\s*(?P<group_181>%VERTICALUNITS%)\\s*per\\s*div\\s*$", 
      "^\\s*channel\\s*(?P<group_215>%SNIPSNUMBER%)\\s*(?P<group_216>%SNIPSNUMBER%)\\s*(?P<group_217>%VERTICALUNITS%)\\s*per\\s*div\\s*$", 
      "^\\s*on\\s*channel\\s*(?P<group_173>%SNIPSNUMBER%)\\s*make\\s*the\\s*vertical\\s*scale\\s*(?P<group_174>%SNIPSNUMBER%)\\s*(?P<group_175>%VERTICALUNITS%)\\s*$", 
      "^\\s*channel\\s*(?P<group_230>%SNIPSNUMBER%)\\s*vertical\\s*scale\\s*(?P<group_231>%SNIPSNUMBER%)\\s*(?P<group_232>%VERTICALUNITS%)\\s*per\\s*div\\s*$", 
      "^\\s*(?P<group_203>%SNIPSNUMBER%)\\s*(?P<group_204>%VERTICALUNITS%)\\s*per\\s*vertical\\s*div\\s*for\\s*channel\\s*(?P<group_205>%SNIPSNUMBER%)\\s*$", 
      "^\\s*channel\\s*(?P<group_233>%SNIPSNUMBER%)\\s*vertical\\s*scale\\s*(?P<group_234>%SNIPSNUMBER%)\\s*(?P<group_235>%VERTICALUNITS%)\\s*$", 
      "^\\s*set\\s*the\\s*vertical\\s*scale\\s*on\\s*channel\\s*(?P<group_236>%SNIPSNUMBER%)\\s*to\\s*(?P<group_237>%SNIPSNUMBER%)\\s*(?P<group_238>%VERTICALUNITS%)\\s*$", 
      "^\\s*on\\s*channel\\s*(?P<group_176>%SNIPSNUMBER%)\\s*make\\s*the\\s*vertical\\s*scale\\s*(?P<group_177>%SNIPSNUMBER%)\\s*(?P<group_178>%VERTICALUNITS%)\\s*per\\s*div\\s*$", 
      "^\\s*make\\s*vertical\\s*scale\\s*on\\s*channel\\s*(?P<group_209>%SNIPSNUMBER%)\\s*(?P<group_210>%SNIPSNUMBER%)\\s*(?P<group_211>%VERTICALUNITS%)\\s*per\\s*div\\s*$", 
      "^\\s*channel\\s*(?P<group_188>%SNIPSNUMBER%)\\s*scale\\s*(?P<group_189>%SNIPSNUMBER%)\\s*(?P<group_190>%VERTICALUNITS%)\\s*per\\s*div\\s*$", 
      "^\\s*make\\s*the\\s*vertical\\s*scale\\s*on\\s*channel\\s*(?P<group_227>%SNIPSNUMBER%)\\s*to\\s*be\\s*(?P<group_228>%SNIPSNUMBER%)\\s*(?P<group_229>%VERTICALUNITS%)\\s*per\\s*div\\s*$", 
      "^\\s*change\\s*the\\s*vertical\\s*scale\\s*to\\s*(?P<group_197>%SNIPSNUMBER%)\\s*(?P<group_198>%VERTICALUNITS%)\\s*per\\s*div\\s*for\\s*channel\\s*(?P<group_199>%SNIPSNUMBER%)\\s*$", 
      "^\\s*vertical\\s*scale\\s*on\\s*channel\\s*(?P<group_221>%SNIPSNUMBER%)\\s*set\\s*to\\s*(?P<group_222>%SNIPSNUMBER%)\\s*(?P<group_223>%VERTICALUNITS%)\\s*$", 
      "^\\s*vertical\\s*scale\\s*for\\s*channel\\s*(?P<group_206>%SNIPSNUMBER%)\\s*should\\s*be\\s*(?P<group_207>%SNIPSNUMBER%)\\s*(?P<group_208>%VERTICALUNITS%)\\s*$", 
      "^\\s*(?P<group_224>%SNIPSNUMBER%)\\s*(?P<group_225>%VERTICALUNITS%)\\s*per\\s*vertical\\s*div\\s*on\\s*channel\\s*(?P<group_226>%SNIPSNUMBER%)\\s*$", 
      "^\\s*the\\s*vertical\\s*scale\\s*on\\s*channel\\s*(?P<group_194>%SNIPSNUMBER%)\\s*should\\s*be\\s*(?P<group_195>%SNIPSNUMBER%)\\s*(?P<group_196>%VERTICALUNITS%)\\s*per\\s*div\\s*$", 
      "^\\s*make\\s*channel\\s*(?P<group_182>%SNIPSNUMBER%)\\s*s\\s*vertical\\s*scale\\s*(?P<group_183>%SNIPSNUMBER%)\\s*(?P<group_184>%VERTICALUNITS%)\\s*$", 
      "^\\s*set\\s*channel\\s*(?P<group_239>%SNIPSNUMBER%)\\s*vertical\\s*scale\\s*to\\s*(?P<group_240>%SNIPSNUMBER%)\\s*(?P<group_241>%VERTICALUNITS%)\\s*$"
    ], 
    "jmwilson:setTimeBaseScale": [
      "^\\s*i\\s*need\\s*(?P<group_141>%SNIPSNUMBER%)\\s*(?P<group_142>%TIMEUNITS%)\\s*per\\s*div\\s*$", 
      "^\\s*set\\s*the\\s*time\\s*base\\s*to\\s*(?P<group_169>%SNIPSNUMBER%)\\s*(?P<group_170>%TIMEUNITS%)\\s*$", 
      "^\\s*put\\s*in\\s*a\\s*horizontal\\s*scale\\s*of\\s*(?P<group_149>%SNIPSNUMBER%)\\s*(?P<group_150>%TIMEUNITS%)\\s*$", 
      "^\\s*make\\s*the\\s*horizontal\\s*scale\\s*(?P<group_159>%SNIPSNUMBER%)\\s*(?P<group_160>%TIMEUNITS%)\\s*$", 
      "^\\s*(?P<group_143>%SNIPSNUMBER%)\\s*(?P<group_144>%TIMEUNITS%)\\s*per\\s*horizontal\\s*div\\s*$", 
      "^\\s*set\\s*time\\s*base\\s*scale\\s*to\\s*(?P<group_165>%SNIPSNUMBER%)\\s*(?P<group_166>%TIMEUNITS%)\\s*$", 
      "^\\s*put\\s*in\\s*a\\s*time\\s*base\\s*of\\s*(?P<group_151>%SNIPSNUMBER%)\\s*(?P<group_152>%TIMEUNITS%)\\s*$", 
      "^\\s*make\\s*the\\s*time\\s*base\\s*(?P<group_167>%SNIPSNUMBER%)\\s*(?P<group_168>%TIMEUNITS%)\\s*$", 
      "^\\s*change\\s*the\\s*time\\s*base\\s*to\\s*(?P<group_157>%SNIPSNUMBER%)\\s*(?P<group_158>%TIMEUNITS%)\\s*$", 
      "^\\s*horizontal\\s*scale\\s*(?P<group_145>%SNIPSNUMBER%)\\s*(?P<group_146>%TIMEUNITS%)\\s*per\\s*div\\s*$", 
      "^\\s*time\\s*base\\s*(?P<group_147>%SNIPSNUMBER%)\\s*(?P<group_148>%TIMEUNITS%)\\s*per\\s*div\\s*$", 
      "^\\s*change\\s*the\\s*horizontal\\s*scale\\s*to\\s*(?P<group_155>%SNIPSNUMBER%)\\s*(?P<group_156>%TIMEUNITS%)\\s*$", 
      "^\\s*i\\s*want\\s*a\\s*time\\s*base\\s*of\\s*(?P<group_153>%SNIPSNUMBER%)\\s*(?P<group_154>%TIMEUNITS%)\\s*$", 
      "^\\s*horizontal\\s*scale\\s*(?P<group_161>%SNIPSNUMBER%)\\s*(?P<group_162>%TIMEUNITS%)\\s*$", 
      "^\\s*set\\s*the\\s*horizontal\\s*scale\\s*to\\s*(?P<group_163>%SNIPSNUMBER%)\\s*(?P<group_164>%TIMEUNITS%)\\s*$", 
      "^\\s*time\\s*base\\s*(?P<group_171>%SNIPSNUMBER%)\\s*(?P<group_172>%TIMEUNITS%)\\s*$"
    ], 
    "jmwilson:setTimebaseReference": [
      "^\\s*put\\s*the\\s*time\\s*base\\s*reference\\s*on\\s*the\\s*(?P<group_270>%SNIPSDEFAULTREFERENCE%)\\s*$", 
      "^\\s*(?P<group_259>%SNIPSDEFAULTREFERENCE%)\\s*the\\s*time\\s*reference\\s*$", 
      "^\\s*put\\s*the\\s*time\\s*reference\\s*on\\s*the\\s*(?P<group_261>%SNIPSDEFAULTREFERENCE%)\\s*$", 
      "^\\s*set\\s*the\\s*time\\s*reference\\s*to\\s*(?P<group_255>%SNIPSDEFAULTREFERENCE%)\\s*$", 
      "^\\s*make\\s*the\\s*time\\s*reference\\s*on\\s*the\\s*(?P<group_257>%SNIPSDEFAULTREFERENCE%)\\s*$", 
      "^\\s*index\\s*the\\s*time\\s*base\\s*reference\\s*to\\s*the\\s*(?P<group_269>%SNIPSDEFAULTREFERENCE%)\\s*$", 
      "^\\s*make\\s*the\\s*time\\s*base\\s*reference\\s*(?P<group_271>%SNIPSDEFAULTREFERENCE%)\\s*$", 
      "^\\s*place\\s*the\\s*time\\s*reference\\s*on\\s*the\\s*(?P<group_263>%SNIPSDEFAULTREFERENCE%)\\s*$", 
      "^\\s*(?P<group_266>%SNIPSDEFAULTREFERENCE%)\\s*the\\s*time\\s*base\\s*reference\\s*$", 
      "^\\s*set\\s*time\\s*reference\\s*(?P<group_260>%SNIPSDEFAULTREFERENCE%)\\s*$", 
      "^\\s*place\\s*the\\s*time\\s*base\\s*reference\\s*on\\s*the\\s*(?P<group_267>%SNIPSDEFAULTREFERENCE%)\\s*$", 
      "^\\s*place\\s*the\\s*time\\s*reference\\s*in\\s*the\\s*(?P<group_264>%SNIPSDEFAULTREFERENCE%)\\s*$", 
      "^\\s*index\\s*the\\s*time\\s*reference\\s*to\\s*the\\s*(?P<group_262>%SNIPSDEFAULTREFERENCE%)\\s*$", 
      "^\\s*time\\s*reference\\s*(?P<group_265>%SNIPSDEFAULTREFERENCE%)\\s*$", 
      "^\\s*time\\s*base\\s*reference\\s*(?P<group_273>%SNIPSDEFAULTREFERENCE%)\\s*$", 
      "^\\s*place\\s*the\\s*time\\s*base\\s*reference\\s*in\\s*the\\s*(?P<group_268>%SNIPSDEFAULTREFERENCE%)\\s*$", 
      "^\\s*set\\s*the\\s*time\\s*base\\s*reference\\s*to\\s*(?P<group_272>%SNIPSDEFAULTREFERENCE%)\\s*$", 
      "^\\s*make\\s*the\\s*time\\s*reference\\s*(?P<group_258>%SNIPSDEFAULTREFERENCE%)\\s*$", 
      "^\\s*do\\s*a\\s*(?P<group_256>%SNIPSDEFAULTREFERENCE%)\\s*time\\s*reference\\s*$"
    ], 
    "jmwilson:setTriggerSlope": [
      "^\\s*make\\s*the\\s*trigger\\s*slope\\s*(?P<group_246>%TRIGGERSLOPE%)\\s*$", 
      "^\\s*make\\s*trigger\\s*slope\\s*(?P<group_242>%TRIGGERSLOPE%)\\s*$", 
      "^\\s*set\\s*trigger\\s*slope\\s*to\\s*(?P<group_251>%TRIGGERSLOPE%)\\s*$", 
      "^\\s*set\\s*the\\s*trigger\\s*on\\s*the\\s*(?P<group_244>%TRIGGERSLOPE%)\\s*edge\\s*$", 
      "^\\s*set\\s*the\\s*trigger\\s*slope\\s*to\\s*(?P<group_254>%TRIGGERSLOPE%)\\s*$", 
      "^\\s*trigger\\s*on\\s*(?P<group_243>%TRIGGERSLOPE%)\\s*edge\\s*$", 
      "^\\s*trigger\\s*slope\\s*(?P<group_253>%TRIGGERSLOPE%)\\s*$", 
      "^\\s*set\\s*trigger\\s*slope\\s*(?P<group_252>%TRIGGERSLOPE%)\\s*$", 
      "^\\s*set\\s*trigger\\s*slope\\s*to\\s*be\\s*(?P<group_248>%TRIGGERSLOPE%)\\s*$", 
      "^\\s*change\\s*the\\s*trigger\\s*slope\\s*to\\s*be\\s*(?P<group_249>%TRIGGERSLOPE%)\\s*$", 
      "^\\s*change\\s*trigger\\s*slope\\s*to\\s*(?P<group_250>%TRIGGERSLOPE%)\\s*$", 
      "^\\s*trigger\\s*slope\\s*to\\s*(?P<group_247>%TRIGGERSLOPE%)\\s*$", 
      "^\\s*trigger\\s*on\\s*the\\s*(?P<group_245>%TRIGGERSLOPE%)\\s*edge\\s*$"
    ], 
    "jmwilson:setTriggerSource": [
      "^\\s*choose\\s*(?P<group_127>%TRIGGERSOURCE%)\\s*as\\s*the\\s*trigger\\s*source\\s*$", 
      "^\\s*choose\\s*(?P<group_129>%TRIGGERSOURCE%)\\s*as\\s*trigger\\s*source\\s*$", 
      "^\\s*set\\s*(?P<group_128>%TRIGGERSOURCE%)\\s*for\\s*the\\s*trigger\\s*source\\s*$", 
      "^\\s*put\\s*the\\s*trigger\\s*on\\s*(?P<group_136>%TRIGGERSOURCE%)\\s*$", 
      "^\\s*make\\s*(?P<group_133>%TRIGGERSOURCE%)\\s*the\\s*trigger\\s*source\\s*$", 
      "^\\s*set\\s*trigger\\s*on\\s*(?P<group_124>%TRIGGERSOURCE%)\\s*$", 
      "^\\s*set\\s*(?P<group_130>%TRIGGERSOURCE%)\\s*as\\s*trigger\\s*source\\s*$", 
      "^\\s*trigger\\s*source\\s*(?P<group_132>%TRIGGERSOURCE%)\\s*$", 
      "^\\s*trigger\\s*on\\s*(?P<group_140>%TRIGGERSOURCE%)\\s*$", 
      "^\\s*set\\s*the\\s*trigger\\s*source\\s*to\\s*(?P<group_139>%TRIGGERSOURCE%)\\s*$", 
      "^\\s*set\\s*(?P<group_126>%TRIGGERSOURCE%)\\s*as\\s*the\\s*trigger\\s*source\\s*$", 
      "^\\s*set\\s*trigger\\s*to\\s*(?P<group_138>%TRIGGERSOURCE%)\\s*$", 
      "^\\s*make\\s*(?P<group_134>%TRIGGERSOURCE%)\\s*the\\s*trigger\\s*$", 
      "^\\s*put\\s*the\\s*trigger\\s*source\\s*on\\s*(?P<group_135>%TRIGGERSOURCE%)\\s*$", 
      "^\\s*change\\s*trigger\\s*source\\s*to\\s*(?P<group_125>%TRIGGERSOURCE%)\\s*$", 
      "^\\s*change\\s*the\\s*trigger\\s*source\\s*to\\s*(?P<group_137>%TRIGGERSOURCE%)\\s*$", 
      "^\\s*trigger\\s*source\\s*set\\s*to\\s*(?P<group_131>%TRIGGERSOURCE%)\\s*$"
    ], 
    "jmwilson:showChannel": [
      "^\\s*activate\\s*(?P<group_38>%MEASUREMENTSOURCE%)\\s*$", 
      "^\\s*show\\s*me\\s*(?P<group_56>%MEASUREMENTSOURCE%)\\s*$", 
      "^\\s*(?P<group_57>%MEASUREMENTSOURCE%)\\s*enable\\s*$", 
      "^\\s*put\\s*on\\s*(?P<group_39>%MEASUREMENTSOURCE%)\\s*$", 
      "^\\s*could\\s*you\\s*show\\s*me\\s*(?P<group_41>%MEASUREMENTSOURCE%)\\s*$", 
      "^\\s*could\\s*you\\s*show\\s*(?P<group_40>%MEASUREMENTSOURCE%)\\s*$", 
      "^\\s*i\\s*need\\s*to\\s*see\\s*(?P<group_44>%MEASUREMENTSOURCE%)\\s*$", 
      "^\\s*can\\s*you\\s*enable\\s*(?P<group_48>%MEASUREMENTSOURCE%)\\s*$", 
      "^\\s*start\\s*showing\\s*(?P<group_55>%MEASUREMENTSOURCE%)\\s*$", 
      "^\\s*(?P<group_58>%MEASUREMENTSOURCE%)\\s*show\\s*$", 
      "^\\s*can\\s*you\\s*show\\s*me\\s*(?P<group_49>%MEASUREMENTSOURCE%)\\s*$", 
      "^\\s*can\\s*you\\s*show\\s*(?P<group_50>%MEASUREMENTSOURCE%)\\s*$", 
      "^\\s*can\\s*you\\s*turn\\s*on\\s*(?P<group_51>%MEASUREMENTSOURCE%)\\s*$", 
      "^\\s*display\\s*(?P<group_61>%MEASUREMENTSOURCE%)\\s*$", 
      "^\\s*could\\s*you\\s*turn\\s*on\\s*(?P<group_43>%MEASUREMENTSOURCE%)\\s*$", 
      "^\\s*could\\s*you\\s*display\\s*(?P<group_42>%MEASUREMENTSOURCE%)\\s*$", 
      "^\\s*(?P<group_59>%MEASUREMENTSOURCE%)\\s*on\\s*$", 
      "^\\s*show\\s*(?P<group_46>%MEASUREMENTSOURCE%)\\s*on\\s*the\\s*screen\\s*$", 
      "^\\s*i\\s*d\\s*like\\s*to\\s*turn\\s*on\\s*(?P<group_52>%MEASUREMENTSOURCE%)\\s*$", 
      "^\\s*enable\\s*(?P<group_60>%MEASUREMENTSOURCE%)\\s*$", 
      "^\\s*turn\\s*on\\s*(?P<group_63>%MEASUREMENTSOURCE%)\\s*$", 
      "^\\s*i\\s*need\\s*(?P<group_45>%MEASUREMENTSOURCE%)\\s*on\\s*$", 
      "^\\s*i\\s*d\\s*like\\s*to\\s*see\\s*(?P<group_53>%MEASUREMENTSOURCE%)\\s*$", 
      "^\\s*start\\s*showing\\s*me\\s*(?P<group_54>%MEASUREMENTSOURCE%)\\s*$", 
      "^\\s*make\\s*(?P<group_47>%MEASUREMENTSOURCE%)\\s*visible\\s*$", 
      "^\\s*show\\s*(?P<group_62>%MEASUREMENTSOURCE%)\\s*$"
    ], 
    "jmwilson:singleCapture": [
      "^\\s*single\\s*capture\\s*here\\s*$", 
      "^\\s*fire\\s*a\\s*single\\s*$", 
      "^\\s*do\\s*a\\s*single\\s*$", 
      "^\\s*hit\\s*the\\s*single\\s*button\\s*$", 
      "^\\s*i\\s*want\\s*a\\s*single\\s*trigger\\s*$", 
      "^\\s*start\\s*a\\s*single\\s*capture\\s*$", 
      "^\\s*single\\s*button\\s*$", 
      "^\\s*i\\s*need\\s*a\\s*single\\s*trigger\\s*here\\s*$", 
      "^\\s*run\\s*a\\s*single\\s*trigger\\s*$", 
      "^\\s*stop\\s*after\\s*a\\s*single\\s*trigger\\s*$", 
      "^\\s*hit\\s*single\\s*$", 
      "^\\s*single\\s*capture\\s*$", 
      "^\\s*single\\s*mode\\s*$", 
      "^\\s*acquire\\s*a\\s*single\\s*trigger\\s*of\\s*data\\s*$", 
      "^\\s*press\\s*the\\s*single\\s*button\\s*$", 
      "^\\s*do\\s*a\\s*single\\s*acquisition\\s*$", 
      "^\\s*single\\s*mode\\s*capture\\s*$", 
      "^\\s*single\\s*$", 
      "^\\s*capture\\s*on\\s*single\\s*$", 
      "^\\s*do\\s*a\\s*single\\s*capture\\s*$", 
      "^\\s*i\\s*want\\s*a\\s*single\\s*capture\\s*$", 
      "^\\s*do\\s*a\\s*single\\s*trigger\\s*$", 
      "^\\s*press\\s*single\\s*$", 
      "^\\s*run\\s*single\\s*$", 
      "^\\s*i\\s*need\\s*to\\s*get\\s*a\\s*single\\s*here\\s*$", 
      "^\\s*stop\\s*after\\s*a\\s*single\\s*capture\\s*$", 
      "^\\s*single\\s*here\\s*$"
    ], 
    "jmwilson:stopCapture": [
      "^\\s*press\\s*stop\\s*$", 
      "^\\s*pause\\s*the\\s*display\\s*$", 
      "^\\s*press\\s*the\\s*stop\\s*button\\s*$", 
      "^\\s*hit\\s*the\\s*stop\\s*button\\s*$", 
      "^\\s*freeze\\s*the\\s*display\\s*$", 
      "^\\s*stop\\s*the\\s*display\\s*$", 
      "^\\s*stop\\s*capture\\s*$", 
      "^\\s*stop\\s*the\\s*scope\\s*$", 
      "^\\s*stop\\s*acquiring\\s*$", 
      "^\\s*pause\\s*$", 
      "^\\s*stop\\s*capturing\\s*$", 
      "^\\s*pause\\s*here\\s*$", 
      "^\\s*hold\\s*it\\s*$", 
      "^\\s*stop\\s*$", 
      "^\\s*halt\\s*the\\s*display\\s*$", 
      "^\\s*pause\\s*capturing\\s*$", 
      "^\\s*halt\\s*$", 
      "^\\s*freeze\\s*$", 
      "^\\s*pause\\s*please\\s*$", 
      "^\\s*stop\\s*the\\s*oscilloscope\\s*$", 
      "^\\s*stop\\s*the\\s*scope\\s*display\\s*$", 
      "^\\s*hold\\s*it\\s*here\\s*$", 
      "^\\s*stop\\s*here\\s*$", 
      "^\\s*just\\s*stop\\s*here\\s*$", 
      "^\\s*please\\s*stop\\s*$", 
      "^\\s*halt\\s*capturing\\s*$"
    ]
  }, 
  "slot_names_to_entities": {
    "jmwilson:clearAllMeasurements": {}, 
    "jmwilson:hideChannel": {
      "source": "Measurement source"
    }, 
    "jmwilson:measure": {
      "source": "Measurement source", 
      "type": "Measurement type"
    }, 
    "jmwilson:runCapture": {}, 
    "jmwilson:saveImage": {}, 
    "jmwilson:setChannelVerticalScale": {
      "channel": "snips/number", 
      "scale": "snips/number", 
      "units": "Vertical units"
    }, 
    "jmwilson:setTimeBaseScale": {
      "scale": "snips/number", 
      "units": "Time units"
    }, 
    "jmwilson:setTimebaseReference": {
      "reference": "snips/default--reference"
    }, 
    "jmwilson:setTriggerSlope": {
      "slope": "Trigger slope"
    }, 
    "jmwilson:setTriggerSource": {
      "source": "Trigger source"
    }, 
    "jmwilson:showChannel": {
      "source": "Measurement source"
    }, 
    "jmwilson:singleCapture": {}, 
    "jmwilson:stopCapture": {}
  }
}